{
  "best_params": {
    "K_M": 82.33642365576574,
    "k_cat": 0.8553462883582853,
    "k_ie": 0.001236020387480051
  },
  "aic": 3.5321697271150585,
  "bic": 7.066331218158896,
  "error": 0.291150449610638,
  "loss_function": "Mean Squared Error"
}